{"cameraMode":{"drawMode":0,"name":"Shaded","section":"Shading Mode"},"sceneLighting":false,"audioPlay":false,"sceneViewState":{"showFog":true,"showMaterialUpdate":false,"showSkybox":false,"showFlares":true,"showImageEffects":true,"showParticleSystems":true},"in2DMode":false,"pivot":{"x":194.85000610351563,"y":46.130001068115237,"z":-41.02299880981445},"rotation":{"x":-0.005398079287260771,"y":-0.015906529501080514,"z":0.00005936334855505265,"w":-0.9998859167098999},"size":10.0,"orthographic":true}