{"cameraMode":{"drawMode":0,"name":"Shaded","section":"Shading Mode"},"sceneLighting":false,"audioPlay":false,"sceneViewState":{"showFog":true,"showMaterialUpdate":false,"showSkybox":false,"showFlares":true,"showImageEffects":true,"showParticleSystems":true},"in2DMode":false,"pivot":{"x":-0.0445556640625,"y":-0.6632080078125,"z":-0.371826171875},"rotation":{"x":0.03982413560152054,"y":-0.9597543478012085,"z":0.21059226989746095,"w":0.18149450421333314},"size":1.3682996034622193,"orthographic":true}