{"cameraMode":{"drawMode":0,"name":"Shaded","section":"Shading Mode"},"sceneLighting":true,"audioPlay":false,"sceneViewState":{"showFog":true,"showMaterialUpdate":false,"showSkybox":false,"showFlares":true,"showImageEffects":true,"showParticleSystems":true},"in2DMode":false,"pivot":{"x":-1.9918954372406006,"y":-40.53034210205078,"z":-12.327070236206055},"rotation":{"x":0.2889842092990875,"y":0.17731745541095735,"z":-0.054558828473091128,"w":0.9391900300979614},"size":20.670873641967775,"orthographic":false}