{"cameraMode":{"drawMode":0,"name":"Shaded","section":"Shading Mode"},"sceneLighting":false,"audioPlay":false,"sceneViewState":{"showFog":true,"showMaterialUpdate":false,"showSkybox":false,"showFlares":true,"showImageEffects":true,"showParticleSystems":true},"in2DMode":false,"pivot":{"x":-2.2607421875,"y":3.033233642578125,"z":3.90283203125},"rotation":{"x":0.01599966734647751,"y":0.5714483857154846,"z":-0.011145509779453278,"w":0.8204127550125122},"size":4.484804153442383,"orthographic":true}