{"cameraMode":{"drawMode":0,"name":"Shaded","section":"Shading Mode"},"sceneLighting":false,"audioPlay":false,"sceneViewState":{"showFog":true,"showMaterialUpdate":false,"showSkybox":false,"showFlares":true,"showImageEffects":true,"showParticleSystems":true},"in2DMode":false,"pivot":{"x":-4.289999961853027,"y":2.9323840141296388,"z":-3.0},"rotation":{"x":0.21686774492263795,"y":0.18897299468517304,"z":-0.04283352568745613,"w":0.9567779898643494},"size":0.7088723182678223,"orthographic":false}